X1,X2,y
8.098254896170145,5.148994930939868,1.0
4.6047623562175914,7.519062095257816,0.0
5.63130826322603,7.876904730903607,0.0
1.5116194239596814,0.7601581363841947,0.0
0.0647628023886826,9.625762769316012,0.0
0.44868242740925157,6.5373123086393665,0.0
1.9082952502888273,2.3800902070077568,1.0
3.7818503025716033,5.332219979923077,0.0
5.53941080550726,0.4627293862693127,0.0
2.9952810145411113,2.450272913529888,1.0
8.242276973965803,3.8447442463465773,0.0
6.795976765750224,5.064172126082064,1.0
1.0687537865349694,8.9106963149956,0.0
8.29267290353499,8.228100667910054,1.0
3.027453359644534,6.432944454928488,0.0
5.215015086029106,3.903727219476083,0.0
2.9906479096196534,5.336787361600813,0.0
9.696769823906063,2.084847850761661,0.0
4.696123864156588,1.944872809101964,1.0
2.981404786837735,0.5755904641681298,0.0
4.2113775373916855,9.824685416484662,0.0
4.249552795622325,2.293616701001074,1.0
0.8785772830968686,1.389932165870279,1.0
3.321568923838946,3.9632401687022156,1.0
7.150002499405648,4.537108637834636,1.0
5.483100307311258,2.7622188944019213,0.0
4.9036485422880745,3.147279054817197,1.0
4.460476410701127,9.205103448335656,0.0
5.819837515901978,3.0260980081289137,0.0
3.5050652019000808,4.242515343141893,1.0
2.0885550057790314,0.2933199078045845,0.0
7.6448412989860115,6.9392440614205055,1.0
6.48731698671781,1.7903144079503575,0.0
2.331493932686967,9.633190996180987,0.0
7.405173168868762,1.3988593708459396,0.0
4.8804932242465195,2.9000801572366894,1.0
4.987925358732978,3.184512494621292,1.0
1.298862378232627,9.263288606704403,0.0
1.9092254056034685,1.3635724463743448,1.0
1.515296973012642,4.711008594781793,1.0
0.7468975178598702,9.532999416766454,0.0
5.799879537871673,9.574094428832616,0.0
5.11140199836122,7.280573744408595,0.0
6.4352339448442635,9.451122580251235,0.0
5.18092585049608,8.366572741985216,0.0
3.9524546512332215,5.585463118042338,0.0
4.080941971100871,7.121596661440126,0.0
4.275877935142479,3.1258912027329244,1.0
4.887560852460061,8.337113644418382,0.0
8.351119672188371,5.140269065611064,1.0
2.768351990515302,2.527864115481937,1.0
6.289585745391565,0.45634736274378196,0.0
0.3892426396777371,5.606358654545075,0.0
7.393248611850961,1.3406044987516053,0.0
9.782244937236117,4.260800701742616,1.0
1.6327248848127152,8.477667245210196,0.0
3.050396392825384,2.3074263042521705,1.0
5.427633540173058,7.467849746239132,0.0
7.8296649602144575,9.77211096861278,0.0
6.626397079287929,5.7275874505170075,1.0
2.7373832736972084,8.318778613131133,0.0
4.104763742750878,0.9493787386858321,0.0
9.729404964844445,4.885903924907868,1.0
0.9770763628001455,9.813845712447172,0.0
4.861081169764585,6.28656471078346,0.0
5.153802045526389,1.5864777141113684,0.0
6.61407158285373,2.687277132955929,0.0
2.9945527552134177,7.0175737054790535,0.0
1.2311161717225405,7.140401131261166,0.0
5.79830451749685,7.442374742683425,0.0
2.810425723829457,5.18013151309747,0.0
1.726455400036615,8.999623010367154,0.0
1.081978635663079,9.203630274694067,0.0
5.352560751069343,8.055175234739348,0.0
7.660570956844034,0.3864526506766264,0.0
0.09563421416536655,8.135243237751718,0.0
2.6691952601759548,8.203559458668328,0.0
7.553413438972728,5.089564069171244,1.0
6.859892861016627,6.955602643491963,1.0
6.31531211148204,7.981631655440456,1.0
4.22950031165373,0.40371707311292027,0.0
1.9528975457070263,8.479293460077601,0.0
7.6788793165855775,0.7425742441155736,0.0
8.936734753314852,8.112263472001409,1.0
0.7720283691363738,8.578525318489614,0.0
4.232257619817661,4.657437378754677,1.0
4.8369994569000605,9.626482213122653,0.0
5.0494758627295555,8.191394843026922,0.0
4.430553896753844,1.8268535825744592,1.0
5.310240848251709,2.717555066795534,0.0
7.205653825480929,7.006268385494588,1.0
3.8990351045580374,7.242592120877393,0.0
4.083211898921207,3.4342406859372554,1.0
8.060830101996252,1.0711191922901264,0.0
0.2418760745965387,0.9696682567536385,0.0
6.511523969899499,1.3032156770584336,0.0
8.490387910671448,6.682199914512733,1.0
3.441594622941765,3.5903940433506163,1.0
8.78314531037579,5.551890195023792,1.0
4.103832893306148,1.5310635880002765,1.0
4.3416425055569965,7.871637359967103,0.0
2.9167204440962524,7.027626327256949,0.0
3.580233300484781,7.061139895952719,0.0
4.858080881351872,4.2167869663415445,1.0
7.5128472274614495,2.3846245885360293,0.0
4.710728882732186,3.4326191507369854,1.0
1.7075830507740752,5.512744952574683,0.0
5.924803566975641,2.7089717903495334,0.0
2.541243119415546,1.7048415042743148,1.0
6.4047842608494685,7.568055759530323,1.0
7.880334951786651,4.652055323513826,1.0
7.449849546692385,0.8398603682289818,0.0
9.677438754761566,5.1304566311565765,1.0
4.414452315148411,3.3957457579309414,1.0
6.791713834908645,9.580815054539967,0.0
7.539394389391734,9.319872620881307,0.0
6.87493924896523,6.926619499513944,1.0
9.40849792948638,6.441166669634482,1.0
1.4800516269945363,3.7668994197272845,1.0
0.5621562399610314,6.109642666387462,0.0
3.729401223188563,6.633159639675942,0.0
0.4707663441180232,5.194319073316629,0.0
7.959835516504294,7.613005520650117,1.0
9.988126507208525,7.765067604874723,1.0
4.356785207247356,0.5174002615319229,0.0
1.5928004552769437,4.98077313252291,1.0
2.2857238232447807,1.5396296185665292,1.0
2.506470445886564,2.423143987654451,1.0
7.7705263845627535,1.4054873946050794,0.0
5.30719727799065,8.604632957769716,0.0
3.237922397773534,8.765227908081147,0.0
3.994611872024393,0.4023198571064479,0.0
6.17541484473324,3.570149373225121,0.0
0.2726060436614486,1.1716560533952514,1.0
2.9230038535785328,6.625644709774935,0.0
7.137201082612798,9.345566754928184,0.0
5.925077819712366,8.301116262741736,0.0
3.2573956982286933,3.896394782460497,1.0
0.15021223901829917,3.1511396038743067,1.0
7.60443390922268,1.965712050795908,0.0
4.69232269866008,5.051539015774809,0.0
6.767598068643121,3.883537320271003,0.0
5.339006202046751,9.367160141864405,0.0
3.755983105591658,8.75942982938376,0.0
7.32483264976724,4.528393527033617,1.0
2.554246042911811,9.27976763820423,0.0
5.994500444138366,8.28685017538627,0.0
3.483486766654611,3.390926845836727,1.0
8.909689741481637,4.100926056758292,1.0
2.7402891589233014,9.310510250626352,0.0
4.820481511998204,7.006526217150768,0.0
5.492507317717264,8.622005865662333,0.0
0.15883924379610725,4.086548084948567,1.0
2.9136702134965953,4.6153384517730345,1.0
0.879675579997633,0.3137179867082218,0.0
3.238214339526324,3.71321873511914,1.0
1.948249282643174,8.535783668889518,0.0
0.26972091091928885,3.63020698190787,1.0
1.8525496832388333,5.486089694058391,0.0
1.5786114838175935,3.747762000324033,1.0
6.304096550442209,6.807632396481957,1.0
9.33084561887451,2.024810368165041,0.0
4.850853376672463,7.9405598888204505,0.0
6.505280929515068,1.1873061398572793,0.0
4.813481265441303,0.33894683236613043,0.0
0.4004635850175653,2.2724318804067623,1.0
6.275107366466932,5.961039043126406,1.0
3.85130895980763,0.3563843967160252,0.0
2.207825254005825,5.45147091038444,0.0
3.577994273751094,8.380185771180958,0.0
8.890789092903194,6.157369007650572,1.0
4.486490189820106,0.11141568939546542,0.0
3.628517575504673,3.709014172421543,1.0
6.026154232578492,0.5556906179051879,0.0
8.40794573432547,7.332399490183916,1.0
4.849142993985749,2.4230653321485383,1.0
5.558910680156916,8.54859150032932,0.0
1.4685906989275122,7.390016712865269,0.0
0.5603300350260076,5.868526975530913,0.0
0.04333347888502481,3.883629966367068,1.0
3.167895722755427,4.3134356163631,1.0
3.4675516706923415,6.933598769004305,0.0
6.4423933388152586,7.851676060193874,1.0
2.804271009608156,8.086825595005463,0.0
4.932888655892649,2.109341807440784,1.0
2.576643840498213,8.452505403823796,0.0
1.6550876247225144,0.7623176652223818,0.0
6.779964570821553,8.36452822339375,1.0
3.9506055428184883,9.227132621491295,0.0
9.163204670984184,1.1474966895779815,0.0
1.8072522741404817,3.093341790704336,1.0
6.125957286448587,1.895499035156637,0.0
2.065099227544639,3.1262483467676194,1.0
7.948096843964786,5.945834547366458,1.0
6.203400381569642,7.050212971065839,1.0
3.9413936579790034,5.650255067713735,0.0
6.422925803801462,6.789791652029811,1.0
9.312591763485111,8.802727325664266,1.0
9.58069536221777,6.259964838240868,1.0
5.815399953950193,2.646094367186125,0.0
7.513058221141643,9.578440048500056,0.0
7.482157014549604,5.18047729454651,1.0
6.608225215232201,4.201366355916946,1.0
4.381149227649574,3.0224353643672606,1.0
0.8565455131079436,4.805023752477881,1.0
4.107845954794764,9.372278437709094,0.0
7.654571400339581,5.361134929068717,1.0
0.7568956086846068,0.28299565104229374,0.0
7.905024634132892,1.5211994079610691,0.0
2.0979717967397935,8.785246188573423,0.0
6.280301213661157,4.101414898866836,1.0
2.129516712395789,4.687026943251244,1.0
0.6344559133642746,7.354478833756703,0.0
8.26901733891212,0.3041316272803374,0.0
9.978645893871555,6.213675261956249,1.0
6.0143669195782685,2.128522849708696,0.0
9.981843382355237,6.932454639374833,1.0
7.357191780565518,8.173206132998704,1.0
4.273428367507332,4.376888149966972,1.0
3.6391927472224115,5.7547515048494535,0.0
5.385893598138103,6.406815649028383,0.0
9.868839145963713,1.2387868163003568,0.0
2.365245401639824,5.38522726667699,0.0
5.629922553874512,8.33051915306943,0.0
3.218814653305251,7.324354392033578,0.0
9.043325268316314,6.860322173578645,1.0
5.76877767773304,0.1923451769747675,0.0
6.982293510942657,1.4826063114401844,0.0
1.8798697688939203,8.678589855189411,0.0
2.503949184196813,3.7519822697070415,1.0
2.736663884374834,8.212488028195132,0.0
8.404430528334768,4.182403392263434,1.0
1.4436569228285545,3.659461951260626,1.0
6.75205150389187,6.713892395581205,1.0
5.461679685373351,8.164631581516566,0.0
8.04367722285738,5.366971000381003,1.0
4.301240010016876,2.149162710422198,1.0
7.51128506991912,6.893838369109187,1.0
7.430661710594999,4.80433923186033,1.0
2.681348831456517,5.8333066616127685,0.0
5.231154683419049,3.6856485886551402,0.0
0.0024712105365498616,8.240823509203711,0.0
4.407730535860555,9.15129200718621,0.0
4.22192663305913,0.8534639182545822,0.0
5.710506994166893,5.104231197846124,0.0
1.5778186105072622,7.544201681305367,0.0
0.2518907621135824,7.784472662217494,0.0
5.70762275576241,1.0175626921717607,0.0
9.25518825877381,0.3377928012071152,0.0
9.184334773183888,6.225466084134213,1.0
1.4149583305591884,8.48799034189848,0.0
5.818932171651444,7.6573794131131905,0.0
9.082890985886245,5.295277698296854,1.0
0.10545488656482971,6.964046517592159,0.0
1.992440301417755,8.619872987304657,0.0
6.855341613637549,2.0645656500455,0.0
6.213395362449794,0.0942023520518831,0.0
2.9692249774879342,1.232533064857666,1.0
9.340949701117472,5.522505893572705,1.0
2.5026633060697434,4.827145523614284,1.0
1.8230615631804692,5.515859791780571,0.0
7.213300237574191,2.3388715139555405,0.0
7.476930956669285,8.803680777789186,1.0
7.949085432089646,8.834373233963204,1.0
5.555388552584982,4.443609369408666,0.0
4.654210409572112,9.38149416173242,0.0
5.268838639332022,9.23668149046785,0.0
1.3240282936169523,6.1042543515606855,0.0
8.566969943708509,0.5439130481218613,0.0
3.2164706943230934,0.7942813913152624,0.0
9.69700103061175,2.3267166647621496,0.0
9.874223177664911,4.055140805751963,1.0
1.2535238785720693,3.8272931127913767,1.0
8.543851596981845,8.695652612353005,1.0
1.5598466950536205,0.07512824298428034,0.0
9.781309376531285,0.20553290917760703,0.0
0.982044826956131,9.387863314339066,0.0
5.677539544379807,5.503907845337847,0.0
0.6885316744449721,0.07557385007857853,0.0
8.912004528947461,7.2808768583826335,1.0
9.18531021918354,5.074176072601882,1.0
9.723131065173451,3.4763340189370773,0.0
8.337294453735872,0.5395209339678153,0.0
6.901101439888891,9.8831243343641,0.0
2.8795812039639257,6.474680236785276,0.0
9.146194267209507,7.321582202438498,1.0
5.887021132104119,3.1873364768873937,0.0
3.097365985853676,8.28472213517742,0.0
4.000849869959808,0.03523173531620016,0.0
1.663161815962989,0.9250100564998587,0.0
3.136452394759769,8.429455604781255,0.0
0.916810821785039,6.782269465020687,0.0
8.121076913778793,0.843373865102508,0.0
9.0127688797738,7.751165489635276,1.0
1.969196454163219,8.730683567202911,0.0
2.34376730123817,4.635183707294763,1.0
8.38906078928858,2.7797692843261856,0.0
1.8342341949095542,7.265110948695605,0.0
8.124736539006967,3.9768683881974374,0.0
1.1005721858988193,5.334477434234117,0.0
4.767992850453924,7.160922543733942,0.0
3.7622830750223035,0.2866791812533209,0.0
8.0668340442163,9.828039899037641,0.0
0.57462990194732,2.3131749531893453,1.0
8.48441343100977,4.202199641348484,1.0
6.819288453235732,2.4752407617913494,0.0
0.9643535080875232,4.121194856008504,1.0
5.686626934994217,1.1688906191092863,0.0
2.603989966682004,9.970890044325554,0.0
0.9035834056518066,9.136965696783184,0.0
0.41930001255777505,4.692555404017869,1.0
0.017180165003302106,5.8160261125105865,0.0
9.635209224597283,6.020420182417493,1.0
3.7016382557416447,5.292524401547665,0.0
8.658955968279194,0.17583781739876403,0.0
8.172900792987111,3.9526762345237487,0.0
9.8925685796577,9.420461926062005,0.0
0.26816359192189165,1.3899179707648002,1.0
4.377326393009202,6.170414324393412,0.0
2.951552169494561,7.213390318064993,0.0
5.975589733835377,1.7468034183240433,0.0
3.9704047317661564,7.372535599882816,0.0
0.40504173407517996,1.4318589321735553,1.0
5.321018741857632,1.7030639174306972,0.0
6.31151732642096,5.612995722927751,1.0
5.837619317019308,1.6653853735463953,0.0
2.396278546806826,6.505793452457183,0.0
3.952903162119421,8.146192728099841,0.0
3.9371509530967366,3.173264117879059,1.0
6.186415274849174,6.581306209941975,1.0
8.94602060661278,2.893869442594843,0.0
3.3481619250828745,3.848798004953661,1.0
3.5271217330253246,5.708891874469156,0.0
1.359314699713542,6.807990930958119,0.0
7.192634647275509,9.809906198833977,0.0
8.708405239414986,8.327202711149905,1.0
9.327118223378474,6.673474682867645,1.0
7.948553780422457,1.9950069633310819,0.0
1.5282139998988564,7.1855707015469275,0.0
4.383097863825589,2.5782504397172676,1.0
6.426061465712633,1.4790282045156167,0.0
4.394958754447068,1.6491786664902996,1.0
8.43937179679365,6.247533935590549,1.0
9.965938821104253,5.533204847352908,1.0
1.1716799330671557,0.9013433661256787,0.0
6.93152112980529,0.5512684881433771,0.0
2.6188340231490503,7.52728136405053,0.0
1.7533335215991819,5.823865113503214,0.0
7.705228048500546,0.13251802967784387,0.0
8.51388434346744,2.1137646863544903,0.0
0.09048853932269729,5.256782244267322,0.0
8.108748496042148,0.18086295057691326,0.0
8.439308995991112,9.197937565205102,0.0
8.980755349651986,0.5890007249129425,0.0
2.7814452239815934,0.7434617788854236,0.0
5.173028655058079,9.53419149976899,0.0
6.231867820218065,2.7861613486996695,0.0
6.273479098455472,4.528795611385588,1.0
2.9254764465818814,2.7313185829322872,1.0
1.6680070451806828,2.0858492318565425,1.0
2.8502208496677195,7.738320145152368,0.0
9.840867571605699,2.1462342767655973,0.0
3.915132772845864,1.2461855444962577,1.0
1.9988990843478838,8.517154064212738,0.0
8.383156537070386,9.158804190611189,0.0
8.105634664044437,2.29364549643549,0.0
6.884362008063725,9.265699377441129,0.0
0.8451285964872546,6.004994425466506,0.0
6.029134903922059,9.310810547367648,0.0
4.1696190824185395,4.755667278119562,1.0
7.217767275049216,7.308784628895458,1.0
5.722219179645816,3.5367260621000653,0.0
4.181137740769014,6.1765191271033935,0.0
7.902852739445913,4.41920924974458,1.0
4.660989451406943,3.8273206214685906,1.0
8.622383725544617,3.466319385496277,0.0
1.8341133052554304,6.195985264594369,0.0
6.541777926949395,4.116979345146778,1.0
1.0833730073967296,2.7986219755841035,1.0
9.491442900403404,4.231788771554356,1.0
5.440530370744934,3.5427976801879355,0.0
4.614626760176105,9.213581438218203,0.0
4.1213470197020685,9.684502452806903,0.0
1.6498249390381803,7.205884408691303,0.0
2.674519061353963,7.383742680139001,0.0
3.6893507493121627,0.5345963907049034,0.0
3.406778320543973,5.619936956517515,0.0
5.477643842934468,9.304287101263654,0.0
3.9749757502993575,0.5031547820114657,0.0
4.636042323801287,0.7391441740095017,0.0
7.505041068091105,3.296310774487784,0.0
9.849186048502176,0.7804661962748427,0.0
4.015919563754786,0.3058898681915523,0.0
0.0966159046485382,0.2130735769146752,0.0
8.296763072738564,4.334424425303265,1.0
0.39945770614224774,4.876078592977441,1.0
1.6856445281908983,6.254452790319659,0.0
2.7059626163613837,3.1874407981892983,1.0
6.021562197956899,0.6732277250590679,0.0
2.768523926833054,9.774312214838133,0.0
1.1263701843519092,2.940020360292168,1.0
4.77239465346792,9.869332251385682,0.0
9.67710065610754,1.4582590173836496,0.0
4.981762261121807,0.9544348445276551,0.0
1.9391660616935436,1.2469819824832928,1.0
1.1089465197705695,3.860878678091657,1.0
7.015978544354018,9.359390349423855,0.0
9.922314767226133,1.644324161214089,0.0
3.1496117250720133,7.536899990895959,0.0
1.7717617802170138,6.551913922284336,0.0
9.659344472389249,3.0528998816819977,0.0
2.6749744346225555,8.876742948185633,0.0
3.3751221595113257,2.5223413287188103,1.0
9.160198636267825,7.394205008916178,1.0
2.0316773650267295,5.167446415281333,0.0
7.358236507077054,3.0726817280962573,0.0
5.435354447841684,2.442279090199845,0.0
7.293607890616546,8.30930572189477,1.0
9.624976502738967,3.6759033036631603,0.0
5.073917486462842,9.23413644004636,0.0
7.5296213561622025,4.734743634692002,1.0
5.484327948874135,2.028301490392197,0.0
0.4522138870115322,0.8479602387305463,0.0
0.627820725259044,0.13079179729438506,0.0
7.848351751407259,8.203131027284003,1.0
6.18098140372473,5.968095544281967,1.0
3.186059447668229,9.011267739016684,0.0
3.7399055365380827,4.930131676147146,1.0
0.910812131918588,9.00010040352749,0.0
9.541435567015151,3.551351109188184,0.0
8.896231393231732,2.02545075260013,0.0
2.8127936541956866,7.746086212250772,0.0
0.06786922417463037,3.066531739896041,1.0
1.498607889946204,8.395612687797762,0.0
1.2251206013738336,6.563839149770805,0.0
6.8632808506710274,3.9640180327808716,0.0
3.622473004226461,6.961324676180174,0.0
8.957998301798773,2.395547691449184,0.0
7.068907357150811,7.752977915506296,1.0
9.236126558146923,1.2489176585075201,0.0
4.170948500437563,6.3212621975137075,0.0
0.5170070930130188,8.56844264678261,0.0
4.386402779872048,0.18844229962246994,0.0
2.1451482220145603,3.351640329204847,1.0
1.9433729513915554,3.4266250371645612,1.0
0.5352832096369486,5.887853710632736,0.0
6.941062920684926,0.17958728055171957,0.0
3.7610891426794235,0.8032818087381166,0.0
0.6862678620700147,5.455797913428592,0.0
8.049315396462738,4.056094279575149,1.0
3.601903333938381,4.468822418983132,1.0
5.187158590043368,7.269331011648406,0.0
5.897124923653962,0.5256035184847818,0.0
8.540570592932808,8.886814626948782,1.0
4.0091830330330644,6.642936316200505,0.0
7.999045298901204,9.615114853046142,0.0
6.93544306996683,7.05379412752155,1.0
0.8564702820976511,8.025130183321057,0.0
8.826156627221481,8.091002346794452,1.0
0.23130955789764096,5.686727018082161,0.0
3.3156371622734615,0.6909220063423405,0.0
4.0041691790141885,5.717665303810195,0.0
8.444271972350016,6.772411968923873,1.0
0.33326798182260364,2.3053712432943776,1.0
2.3865280716354755,6.954383533121095,0.0
9.59235362364645,6.168675668354031,1.0
9.64515016220815,5.83999354920059,1.0
7.681236934088179,6.834565513852901,1.0
8.16084007250634,5.954819501032581,1.0
0.9373247024502873,2.3757065552637355,1.0
7.482094684568298,3.950404116677867,0.0
2.158727943126183,0.4858830562022176,0.0
2.3880990677844913,4.658066839426284,1.0
2.457334102370694,8.850498658494631,0.0
8.618507842570816,6.28594201063112,1.0
7.941349180633046,3.331041156007001,0.0
2.122164110306579,1.7176725701463214,1.0
5.909789653484989,6.926229408921102,0.0
1.5355028584596664,8.853860883094328,0.0
1.6201924303640813,4.429542062853225,1.0
0.942076435591156,7.184474891701138,0.0
3.2050695538618914,7.286134633987741,0.0
9.394744176015722,3.7927578292535813,0.0
7.755257136821992,6.981153356750324,1.0
3.907380062885666,3.982251121904209,1.0
3.2646535030323443,1.439296281227953,1.0
7.045405688439965,9.894926895835718,0.0
0.9622750969846738,5.149803683254657,0.0
7.127884934399606,5.954285133276124,1.0
9.205658624888029,2.347266183164388,0.0
0.6234917042251531,9.1177170561931,0.0
6.549201370428744,2.3583504962405533,0.0
3.4479806186766746,9.676576350864412,0.0
2.90149598165888,8.533668046090435,0.0
0.6451012231366371,8.627137651080847,0.0
7.996836218133447,2.6860012493425813,0.0
6.326888678817558,7.9383005127552995,1.0
6.6777267531287805,5.991196245269817,1.0
3.65745743424408,3.6392703241991056,1.0
4.127917433885646,4.174622009542829,1.0
9.559626446713427,9.71227906320135,0.0
9.683579994808486,7.422606845419045,1.0
7.950549423513765,2.83195977399337,0.0
3.42663498868177,8.348493416192426,0.0
2.484841982682707,9.95686109410293,0.0
4.2535607791180885,7.387105999067069,0.0
3.8793012361913357,1.1209426470219452,1.0
0.5051128907841196,9.40825975224896,0.0
1.4139786445213332,6.467875326072093,0.0
6.138614366017942,3.04043810434669,0.0
9.953677665554478,8.770573606038546,1.0
8.890968714773141,9.563958278796546,0.0
1.362816766242273,0.1924610627466572,0.0
1.0204129747220947,5.090995396603274,0.0
0.9946403241974688,2.1062166556692166,1.0
7.930878936583266,3.3727537583079013,0.0
9.519003871010723,0.11863562727170596,0.0
0.026163449940825867,5.029805776325851,0.0
4.269308464736842,5.13105803951735,0.0
0.8003291144951818,5.789370411701507,0.0
8.30897467145145,1.3730720510540029,0.0
3.143480018600522,8.736849638004431,0.0
8.547990489087061,0.8833996994442839,0.0
7.011973144889243,2.303601392321928,0.0
7.312439206223585,9.529407225383515,0.0
3.4779244356917727,7.763420211142842,0.0
9.728837433547724,4.617133594706292,1.0
4.1932317804252195,2.4137952379739347,1.0
6.415374795104211,4.336222928209574,1.0
1.7738846629494265,2.765931778948403,1.0
5.006267032690861,9.523285385972068,0.0
2.3402368101957904,7.594800829807065,0.0
1.3316379351906726,6.97535343723821,0.0
4.809893622321043,0.4658739215930985,0.0
1.7089302096526093,6.317066312662405,0.0
8.389926000836677,9.895129986102951,0.0
1.8652044394759582,7.574926749976677,0.0
8.775786023191952,1.5509567238947297,0.0
4.233136797470186,4.777199328820626,1.0
9.296232743086305,4.36947287375416,1.0
6.87079669124069,7.729989626576735,1.0
7.034571168379631,1.4783904683173221,0.0
4.18340741827579,4.193829753209101,1.0
1.781900778519061,8.93158218792908,0.0
8.305461341834219,8.917732715091711,1.0
6.147626495574212,8.895053543024975,1.0
4.723420696814796,0.4804231474073206,0.0
5.289316445969636,9.94372080297442,0.0
1.2094200691913815,4.45437328859136,1.0
3.528111544746074,5.068128147826796,0.0
1.565574025263301,3.4541790545753392,1.0
0.5996679352647016,4.001732768896014,1.0
0.2521638555284078,0.3941427223778393,0.0
2.715674297639632,4.2023579239375,1.0
9.581095070583594,9.516221564281429,0.0
5.14403689966112,5.388199262384362,0.0
9.371795894915593,4.147515593134088,1.0
0.6663711261883043,9.934281206598333,0.0
4.594405232393273,0.006491219380903024,0.0
0.03176873312845996,1.5493302505474038,1.0
4.913869749156263,0.2630876964970652,0.0
7.112327649646931,7.043111728217831,1.0
3.028795058780922,9.57017799916239,0.0
1.9318831090150224,8.862112944506627,0.0
8.480297112085625,0.24439783486076894,0.0
2.122767235029419,2.788641099557415,1.0
5.448414648240271,2.924350195195596,0.0
3.9727475171299975,4.734425808443802,1.0
9.943604329891452,0.09744741015337066,0.0
0.2443405280749178,5.338004181982941,0.0
3.556727289026705,8.994684436445933,0.0
1.9556826921158654,3.1553440238565122,1.0
9.790436440260786,4.702371424643297,1.0
0.21074424472237063,3.3836557511083507,1.0
4.720410402424971,3.0016301184587544,1.0
7.666621774937848,8.827026424338836,1.0
3.2511006542820367,0.5206587354992831,0.0
4.911739257151659,8.360071599299001,0.0
9.021853966107285,9.280814715346038,0.0
5.1060411767956015,9.37590297387749,0.0
5.270616519860845,1.7716536315781306,0.0
4.9703040525520965,2.880937182482243,1.0
9.957848420571223,0.8999572844406079,0.0
4.996951450306635,8.079519320994441,0.0
2.1327093986892853,6.92962054956983,0.0
3.781152682207767,3.7847658499185166,1.0
8.081431927760116,4.53732313098944,1.0
5.0761479189930805,0.9077142799626947,0.0
3.9974405853277584,8.397746857785847,0.0
0.46681022000522265,4.756715173224105,1.0
7.903496535404095,0.5566981194618903,0.0
9.336741825615793,0.6331469638963438,0.0
4.291431749351634,1.7144972069520437,1.0
1.0881949591874074,0.9742694338104552,0.0
4.43915170456897,8.83644291173452,0.0
8.922334334254113,2.230367016460957,0.0
2.870665627187472,0.7300063457041406,0.0
6.209309234684694,3.9994278566536936,0.0
6.365740130249373,6.527584491631666,1.0
0.292777640392885,0.34527783931819434,0.0
1.2462865073938234,1.8062844511180554,1.0
4.9465505382593715,4.45722583648057,1.0
1.6606136014341277,5.47995536593799,0.0
9.306716480966443,6.539382539342764,1.0
1.3473868618647677,3.672405251051395,1.0
7.424749345195493,6.428112642903735,1.0
7.8682199918378615,8.814816927629318,1.0
1.7741156020189996,9.218082592238488,0.0
6.397837619122214,1.665921969807539,0.0
7.364296670608912,4.64622569216595,1.0
5.523925433170236,6.886457505611099,0.0
0.35954117378961703,8.376367555322448,0.0
9.512003522965703,6.54011409202081,1.0
1.9255320861053282,7.621272523251542,0.0
5.579180926330088,2.759209893149505,0.0
1.7619109770598163,3.462945486457997,1.0
5.474627652400156,6.4362431368525606,0.0
0.6789686704159981,5.6607673986766605,0.0
7.783568399084234,9.873119809549733,0.0
1.499533779719514,0.18608587838789825,0.0
7.034611926049865,0.702322981811585,0.0
4.784748979863405,7.717856511734907,0.0
2.641707390728354,2.6684952299845834,1.0
9.764831627416088,1.3843200374778541,0.0
8.695224169998871,7.940765410179697,1.0
9.182024873465872,2.332125745522168,0.0
6.604569148160823,9.890583196498069,0.0
9.649905465101993,1.5122693124343023,0.0
4.722398871887642,5.687524002871756,0.0
8.750762176008696,1.3073487739970213,0.0
1.019583087604471,3.4459511662304134,1.0
8.454427665353409,7.80664412117549,1.0
1.0153546046254314,0.6445416732011533,0.0
9.245610546099952,2.4229448438504053,0.0
6.735044492442511,3.5205357473479792,0.0
3.5291650045690384,1.7250783508626166,1.0
2.4282307796722447,0.5018373374206142,0.0
6.487059957702307,6.681418973375546,1.0
2.0229883897205223,3.002822734313092,1.0
5.257285751867281,0.47728743099405335,0.0
9.698932909605396,3.365373165371426,0.0
7.30777616718135,0.11960396334911527,0.0
2.615982432167759,5.542769235566856,0.0
6.445080301464381,9.497227540793,0.0
1.0379118923342567,3.572193515781963,1.0
8.62933184535812,0.8270885755070301,0.0
1.5147828246695094,3.0860196680300156,1.0
1.7787158209099585,9.132702790790683,0.0
5.680552785737078,9.262216579615933,0.0
1.0813550008531558,1.1816435815610804,1.0
3.535791394726039,7.211988522199302,0.0
0.6578697368668374,9.342233184731777,0.0
0.5793321998489065,1.2791916413454874,1.0
6.159166171564227,6.370605961358783,1.0
7.436313630511382,5.4181195664624,1.0
9.680248780668727,8.969899420597562,1.0
2.6775737229772654,9.873532576236245,0.0
3.6020054193126514,3.6443693536968382,1.0
3.786245642630778,9.493546401055896,0.0
1.6815141795959987,7.8119098668798035,0.0
9.651408120801799,6.117048527496141,1.0
3.1458139622036008,1.6436903966052563,1.0
5.998718305561947,8.084927029822541,0.0
2.3797228332873157,9.760191776409506,0.0
2.7749195279532692,4.322775095342769,1.0
4.215702381266625,8.97257769895551,0.0
3.946733437403762,2.944227125479487,1.0
3.3195517991148638,4.330301216804705,1.0
2.3410388970258147,4.041250733528468,1.0
9.41325825700509,6.395432535151292,1.0
6.511495015271008,4.418563615676522,1.0
0.16045637505377908,1.779615152919416,1.0
7.149775928604568,7.082062081395815,1.0
8.692037281668231,8.675719884947782,1.0
1.4104656445646124,1.5150596630654911,1.0
1.0580453022555092,9.303103638918449,0.0
2.055802949151937,4.206055497754312,1.0
4.411505139855091,6.08473557366171,0.0
1.1188289337765955,9.438176796335583,0.0
3.8255279509249576,2.2637081504765364,1.0
8.51602585710162,8.450507258856387,1.0
5.312391668883648,1.6243108432094266,0.0
4.179401210299093,2.14981796512264,1.0
6.410630767292002,9.227266218011742,0.0
8.882539245027242,0.4544941019894988,0.0
7.034237800006975,5.256121838064858,1.0
0.4184119783821594,4.561196870130378,1.0
3.1536529627143195,5.517699091425246,0.0
2.431393761830809,1.4241895043392516,1.0
3.8531368042862493,7.718391311060161,0.0
2.2587406061972013,8.736106261610193,0.0
3.48270250214733,4.417711579442627,1.0
8.685758552997198,4.385798398331793,1.0
7.064764833368197,9.15053849412448,0.0
8.628126302798451,5.726634724011626,1.0
6.7176027119913995,8.949006542053022,1.0
9.816635000944327,9.780311685036597,0.0
3.694784240088902,5.391651882854548,0.0
8.441745036348692,2.4304831049129207,0.0
3.9200828868710937,7.841444599079198,0.0
8.62758107722146,7.573613179659622,1.0
8.594882960433857,4.446905085124681,1.0
8.246274744725106,3.291011188644959,0.0
0.873783797189569,1.7107071355219339,1.0
6.357221046906729,1.2318416095250762,0.0
4.317913653956139,2.3964519929673633,1.0
8.6708929633623,6.915211086556811,1.0
0.24796984803909017,7.180535879048502,0.0
5.162622313422748,8.569223941233036,0.0
2.4634027029388283,1.428121894345511,1.0
3.8613509391958702,8.597365482914729,0.0
0.5569173815480899,3.901001257765179,1.0
7.19879202409667,2.129205254837455,0.0
5.188600665143356,1.6785915534961426,0.0
0.008248283307862314,9.678955775400418,0.0
0.5521131158131432,4.324958622403105,1.0
2.771841196801028,7.5907706886268675,0.0
3.9770853217179147,6.747502199289239,0.0
0.44850715267332975,3.176896122400371,1.0
1.2587276699945638,2.9546078469191084,1.0
7.652645993612523,7.011900424545303,1.0
1.0409909497006131,4.018020628121125,1.0
1.0710969877725895,0.31042137064333786,0.0
4.792961762256428,2.3937986447683866,1.0
0.02157721197681206,1.3267952113366344,1.0
8.94297765408649,5.332831596999883,1.0
2.436126038696478,0.8387887769509628,0.0
1.680525413227154,3.6511749931148705,1.0
7.087599571430751,0.06173940176947723,0.0
2.3648731845346815,9.655470677351804,0.0
7.991836469744071,3.7815070350688496,0.0
1.3904858898553984,8.356314341946794,0.0
9.680069716434268,0.3314379412117552,0.0
5.966991265891272,9.660949054527002,0.0
5.959375289874679,2.5932030625854106,0.0
7.359350121051675,5.753169530157677,1.0
9.062448026907282,7.076301385956951,1.0
3.753469162368921,4.3758732882616345,1.0
0.3952011088051388,0.24270579900875444,0.0
0.038387263610412115,9.305288493756763,0.0
4.918100146016738,1.8672641903537956,1.0
3.7971174469327993,0.13731563280746317,0.0
7.545111650228674,8.093839155782087,1.0
0.8385830994528298,0.1579317253589907,0.0
3.5429861024027898,2.967658502929461,1.0
4.987506961052576,6.973362660158698,0.0
8.438537807336736,4.976753909502829,1.0
7.440008802116511,1.7676755756714746,0.0
3.819202315477397,2.9990230046678166,1.0
2.396580563488989,2.3373145953499783,1.0
9.470142081773856,8.833120488582257,1.0
3.6830326911291476,2.1462091675362984,1.0
3.580375325097511,5.692327677413225,0.0
4.123714524902736,5.560310673182547,0.0
4.309716879913759,1.8119088613261003,1.0
3.0559219044360217,6.455756485749627,0.0
1.9275075143812082,1.2124031381857214,1.0
6.49446860381882,5.190028727691231,1.0
0.2947272366628073,8.490032515287503,0.0
9.856281181678492,2.6823652004762524,0.0
8.348270402935844,4.292535829589865,1.0
2.284392632880914,7.726646701148971,0.0
4.732480144481376,3.5028732265748506,1.0
0.9985467025292605,5.1754127786849,0.0
7.05909901978679,6.1427055520341565,1.0
7.022163524644186,8.633416821326215,1.0
3.7335643582014963,3.48724270272439,1.0
9.385122886373438,4.30835799785494,1.0
2.768012092529518,1.109381293967654,1.0
1.7475146168611144,8.589412508657375,0.0
8.84642355630951,7.08057628340981,1.0
9.67662675209067,8.867481892190273,1.0
3.2035449720447637,7.277902296391877,0.0
9.626918752411814,6.65529436358574,1.0
1.0806109389839003,4.329524270256567,1.0
6.400398207571544,2.7386882447724448,0.0
6.4399598085446375,8.050531147093556,1.0
7.840876182779706,5.5328900266227,1.0
9.322272140035475,6.051029356044487,1.0
0.8857854644372709,9.958545545848022,0.0
9.905448232532127,5.0726823616813554,1.0
7.915914375555294,0.5738594533732011,0.0
6.854608307588158,2.0022347705354857,0.0
2.3097547520102957,4.739378868170848,1.0
1.1424555439962425,7.372767815011408,0.0
3.2476206452260694,1.9681862044540488,1.0
0.13150241889631986,2.6251628173457995,1.0
2.106105309698588,0.9994964703610953,0.0
6.847057004033022,2.183533701097727,0.0
8.25891575060626,1.60281270188532,0.0
2.201033264751695,3.39664350930563,1.0
5.583525005256944,7.078445515181717,0.0
9.163529212980222,9.226751988055902,0.0
9.961362892054753,7.759542915153056,1.0
6.296499602343265,1.676194054196951,0.0
9.089290282450392,6.218246064664043,1.0
6.608726403955631,2.823835497528022,0.0
3.5666066860226273,3.143089504707388,1.0
3.6957720464984236,6.445280892688801,0.0
0.9008498395953701,5.997542222110227,0.0
8.021041217060137,1.9928162582285713,0.0
3.7242799641925184,5.689392174570614,0.0
5.670057883754957,3.793275355803083,0.0
6.5013279365443175,0.6997787856597426,0.0
9.011176771920745,5.833292272701827,1.0
2.9262833869106606,1.2009396954129237,1.0
1.9749287205174704,0.34267503559822,0.0
3.4962435996821672,3.6362538515706646,1.0
3.1533043746382408,8.211004922301937,0.0
5.353984167835163,8.279331406357855,0.0
6.168451505338899,7.476904960518987,1.0
6.668376210691793,1.6468072428752023,0.0
9.594467447484078,4.674899424895072,1.0
2.1707051877508388,7.647290601605769,0.0
9.261438134924001,3.2899750763973223,0.0
2.901580469180769,9.28220807228806,0.0
5.138674144989091,9.089626532132884,0.0
0.12733479728761377,6.850381767854871,0.0
8.610509893686967,5.518233624514622,1.0
0.09693527432348747,3.8220613428294103,1.0
8.177097650663695,8.373748405809353,1.0
8.000068417238237,6.369945593539624,1.0
2.0532669646820323,4.520569908297487,1.0
6.137955416692906,0.4129659293207255,0.0
0.7974372213536596,3.091332072354105,1.0
4.516385386555655,5.911309330561635,0.0
1.4055973470644079,9.869379429681043,0.0
5.200546641354559,0.6890348923809775,0.0
2.4113275758328934,1.6025637193552045,1.0
8.293330002888284,9.192145439495388,0.0
8.630132818278977,8.32965942857901,1.0
6.368165169750068,1.6253258575237872,0.0
2.9815252683545213,5.0122528397297215,0.0
6.685680480492525,7.739363489065224,1.0
6.664681315938697,4.6740369503426,1.0
7.168418988747485,8.739296590069605,1.0
6.1657588498917795,9.557606170376097,0.0
5.012821111165992,1.517689585757429,0.0
2.53066341127116,1.7065774213984286,1.0
5.851738990828342,8.895897806116928,0.0
1.6971849421356822,9.541071522587071,0.0
7.987840261327342,3.1541287043177513,0.0
8.723161072031397,2.1065711831309852,0.0
9.130035639173698,6.6073376687432,1.0
2.157714205840948,4.445785075198396,1.0
3.085230568267968,2.644048914317405,1.0
3.339609051703518,0.3528791706959822,0.0
4.493367858531331,5.443876740881775,0.0
7.061299953788703,9.70552260681157,0.0
2.8239838997434563,3.020491749926273,1.0
5.358665626382476,7.323056853966657,0.0
4.5306416411289945,3.7062359285624824,1.0
2.137042788357565,0.36898044347026926,0.0
6.084838044973923,1.2853671000190825,0.0
6.809464793714203,7.018565860632007,1.0
7.707901532174686,1.242747218892556,0.0
0.9492008587194223,8.225174355390763,0.0
7.2181462090706585,8.337543618067121,1.0
3.532743969901133,4.34306363425473,1.0
5.643801249558451,2.7379606281361104,0.0
2.0574854184456437,1.6351439897422426,1.0
5.1787285315053255,2.3495636242693374,0.0
7.451528842446824,3.7668720735562014,0.0
9.747476250640108,9.759313147457553,0.0
8.203989352652007,1.267714147523139,0.0
6.659236947118282,5.82036501069457,1.0
5.259220832362514,0.11784470414899384,0.0
6.610391607571716,1.8894830377360206,0.0
7.3511066421762585,7.50617309609018,1.0
0.8976072351723774,9.669042787082605,0.0
5.4604127835929175,9.659219201334633,0.0
2.382485988067332,8.121851947673647,0.0
7.899747830964707,4.641797338794217,1.0
7.872348367883887,3.9843740020605645,0.0
5.0554545417165,0.3827054928850071,0.0
3.683780801265204,0.5873978264264201,0.0
3.735472281050658,4.288813685196738,1.0
2.532812516275329,0.4855029381953402,0.0
7.974552772616982,3.860816935037409,0.0
6.850129048282208,9.142570072517765,0.0
3.2251067118452137,9.324544144282948,0.0
2.910936295033768,2.644952293424029,1.0
8.747824439980784,5.6210725790530045,1.0
9.366139145381528,1.4954225640344243,0.0
1.16237608059656,8.323204161939053,0.0
8.441118398336284,2.58146803074075,0.0
5.004910783388182,1.0062388777271836,0.0
9.419300093402864,1.134106230825358,0.0
4.679591084146026,2.4299208973318143,1.0
0.35292773684791445,0.01638694375424965,0.0
7.030874830805942,6.047563416232231,1.0
3.3797527089996615,5.696112360030016,0.0
4.881138178763696,8.009825621407625,0.0
7.890453852536585,4.742627954784209,1.0
6.832765523196888,3.538938327988319,0.0
4.562207023840759,0.6205143493662957,0.0
2.3442663324356507,7.411163987404217,0.0
0.28688405444407095,9.753847067382841,0.0
1.8312768867434448,0.969810763823008,0.0
1.2990351015846646,5.288096483293678,0.0
1.0566423865197938,9.039875083435039,0.0
8.36281097671426,4.1221431354898295,1.0
6.087897487928916,9.980680691693202,0.0
4.322888607859033,1.8715975541323682,1.0
8.75610399695104,9.15311333020052,0.0
6.841235412368229,4.336965902504199,1.0
7.503586836838659,2.0811275329208847,0.0
8.000225893542913,6.241182477099646,1.0
9.82561813562809,3.4116684746848316,0.0
1.8498452903291496,6.174554144118099,0.0
5.57441437521355,4.484889893406493,0.0
5.246787242965195,4.440214698409628,0.0
0.18269164863461973,3.439320519174972,1.0
0.19247577908905078,8.968020227920015,0.0
7.589604996306825,6.429385628325756,1.0
5.297717180935248,8.52067374415282,0.0
1.6167861252483129,6.3948038523798125,0.0
8.237146803055339,7.952575020376526,1.0
6.082302668654863,6.748031651234072,1.0
2.2467587809710077,7.472973787240594,0.0
0.04920744037598679,4.823200033090437,1.0
1.0061537430547418,5.7017407082285265,0.0
0.036250907457535675,5.446067347685069,0.0
3.767633358241693,1.9298332744424929,1.0
8.156725425232349,2.402899792818427,0.0
1.517056359992306,8.974025607867773,0.0
1.4376873853571148,8.933102880837177,0.0
7.9529488229164205,0.06954619473078849,0.0
1.0525539687945251,1.6173837301670602,1.0
7.987424527172151,2.052901197973961,0.0
8.782287918464323,1.2159788482014333,0.0
6.606105082240995,8.504916905552273,1.0
0.25850120582102454,6.6246654445553155,0.0
5.4456857583387075,8.086027967331178,0.0
3.8569811443606508,8.345188729031955,0.0
5.442317780461396,7.388342295760647,0.0
8.039287090433998,0.21599128580168991,0.0
4.529115854575964,0.881752901577425,0.0
4.887264384874187,9.319054989265096,0.0
4.266785885755123,8.651879128320562,0.0
0.13133206177998513,0.03827959518174273,0.0
4.087195067779414,9.518033746998823,0.0
1.8720282162300839,6.535508478181324,0.0
7.380678237282833,1.0597994007696199,0.0
5.808768076595346,8.392940146701841,0.0
9.272728861809302,2.8672869247461352,0.0
4.293817299690993,8.328232020960245,0.0
7.15277064044876,1.3766836094206514,0.0
2.3339421647088066,8.881318768256557,0.0
1.9230868421810754,2.666003276176739,1.0
1.4810562853493092,2.878018265236019,1.0
3.4374170409796614,0.9029098687357207,0.0
7.816240680460586,0.5181978851815638,0.0
6.257789757985397,7.841078336613232,1.0
8.893784181287103,9.584738636665724,0.0
5.984360758629594,5.766880103861595,0.0
8.291678009969544,8.273062397037329,1.0
6.012051528510572,9.7162625642239,0.0
2.0083668325384796,7.029620849159883,0.0
7.115965851193062,5.28705750985554,1.0
2.7933537480184336,4.368595139797261,1.0
2.904206345610294,6.349699559224353,0.0
3.1344890429330063,9.092848381839795,0.0
3.147366698418954,7.621495992782661,0.0
4.331441286359485,6.203204285127485,0.0
4.081377721404009,8.676343643990784,0.0
3.1899911381347703,8.936171005862487,0.0
2.777864023248143,6.086868018830508,0.0
4.24929392360918,7.5574878125532,0.0
3.291105886740141,8.007034985970556,0.0
0.46304396523980995,2.385562467896932,1.0
4.819693842386061,1.1829210209266738,1.0
8.753123389396901,1.889038322068054,0.0
0.5988561328598507,9.546319291262547,0.0
0.693867382361697,5.724867118743155,0.0
3.059468264963386,2.3593235354754007,1.0
4.680313534036689,9.803168558720474,0.0
0.13602870976327175,2.2135271492385797,1.0
6.420893952304823,5.708563538163206,1.0
9.146698956660478,8.565827595444315,1.0
3.5716242838653454,8.265821233688726,0.0
9.123592176639976,0.4883869298571719,0.0
3.6151169470506463,5.003555790494705,0.0
2.3117150014638166,9.46943399152308,0.0
4.387640048011035,1.9435636222485453,1.0
0.6282647361243443,0.3125814520932524,0.0
0.19720949964522894,0.4215284599712754,0.0
3.114822748987253,4.249943617712627,1.0
1.2489180292820379,6.943471151831083,0.0
1.6326433104475402,2.8143079976445873,1.0
6.958472224854254,3.8835414303893865,0.0
3.8727335862047707,9.180213208941796,0.0
3.246142441304216,8.239031163603016,0.0
5.244595076644831,3.4401850249861132,0.0
0.0629246352218471,2.3874136795216594,1.0
0.2901098112684053,3.1157231318368095,1.0
2.8715649201978763,9.620829010568263,0.0
0.7876708506933161,8.222215764262815,0.0
1.9888030117848743,9.081093211968847,0.0
1.2635145531163616,5.353917983546344,0.0
5.554808534021939,8.42051241563249,0.0
9.117820101183248,5.5631568943767205,1.0
9.420848644297074,4.308468434654552,1.0
4.360556602810123,1.641291518704825,1.0
0.5434534419961878,4.666092081017858,1.0
9.935362336239393,2.283179634353157,0.0
0.06742209715611347,1.435211299239193,1.0
5.802305680673134,2.7890055221901875,0.0
2.547576413045677,6.397717615674802,0.0
4.743176597727466,8.707341973011914,0.0
4.088550312407895,4.1109754390591045,1.0
1.2613318884454117,7.132669209494633,0.0
5.4523448297680925,5.400351790509051,0.0
4.45643142324562,9.97284241779128,0.0
1.09636655384875,8.653390704713743,0.0
3.405517826388149,2.1174432221246,1.0
8.337453025510047,0.23648296184289763,0.0
8.104444917667006,2.997680161257147,0.0
1.488274359567262,3.662315216420009,1.0
0.03610791529401469,8.275247098866306,0.0
1.0724848075690907,1.4371806115977892,1.0
8.587672478827264,9.87182676507053,0.0
7.533033506800361,4.634291198214133,1.0
5.169321252954422,9.80573836288327,0.0
8.965512586869206,9.85993171974951,0.0
9.235071933937355,2.204942978084862,0.0
4.153348955635342,7.454271654719121,0.0
1.8531666796035828,9.724893133554632,0.0
6.312434194457671,7.8553198533011726,1.0
2.110047316035346,8.235774380719477,0.0
0.8787707969946201,9.396272278595324,0.0
1.702095674494165,5.822544554217196,0.0
5.401023303745028,1.793687793101989,0.0
6.101142094875649,0.010996898892308149,0.0
5.4525334594269514,5.7187027466244045,0.0
9.172830257065577,0.9848104069786712,0.0
4.198058072203732,4.53318089355519,1.0
9.58587203363589,3.8847400738220825,0.0
6.115357902668852,8.616950747471968,1.0
6.110403427346429,3.9785926102674427,0.0
4.960323781510308,4.088189206185976,1.0
6.518087998313655,2.594465934514912,0.0
4.526584514780354,9.564413405270187,0.0
8.22900983575191,2.353355851556315,0.0
9.97221926779552,0.7679625960764269,0.0
9.18052033167781,7.37033185666914,1.0
5.171742953590545,9.575705633391863,0.0
5.7306609434138425,7.269606909460977,0.0
7.924924925548518,2.698877200792168,0.0
4.960701219638902,9.815466141327637,0.0
8.995553545787878,4.524032939959711,1.0
1.9451740677729457,6.00281967320968,0.0
9.166110746596246,2.689537840597235,0.0
6.087005073507176,0.6678954803702719,0.0
8.082964855626424,4.177243538878007,1.0
7.109443954493435,7.242454488066716,1.0
1.1800029404563783,6.88938148002995,0.0
5.655182776198694,7.786826319458936,0.0
0.3987452813985537,4.542961782840064,1.0
7.454453756673746,6.14631026525859,1.0
2.852789255592776,5.671114618518992,0.0
6.256887175898078,9.553858183374992,0.0
0.3564137914667398,8.62309067006336,0.0
7.288945453628386,0.046052041948428935,0.0
5.696528761685224,6.59500659552093,0.0
9.656585551850343,0.5816181351315008,0.0
6.810624970409388,5.377207425187137,1.0
7.22850904018647,8.377315893509484,1.0
9.686197673133446,6.464470196837424,1.0
9.493156926067488,9.261074116831065,0.0
7.619217906005584,2.3031807129994055,0.0
4.468287520284497,1.115927943577778,1.0
0.6273040754938097,9.87995818710537,0.0
2.5757591279066405,7.186433068495608,0.0
9.469170839442762,5.816421365215074,1.0
9.400958807186448,4.696479063223206,1.0
8.982366533228909,7.410795273756348,1.0
2.833246445191567,6.947935602720323,0.0
1.6964828571810853,1.748312366681689,1.0
6.061379704695115,6.416757135536292,1.0
5.530908786492359,6.868057670895884,0.0
3.970896922135705,6.260337619404202,0.0
5.490804571448208,8.167282789706354,0.0
4.2156483909106255,5.796551552149331,0.0
6.607432045662231,6.364257023237223,1.0
8.681375497138703,2.0501668098093138,0.0
1.389075450227183,5.1984654784078765,0.0
1.2337003139870473,2.2762243658918226,1.0
4.6535049620765925,3.1663125033155923,1.0
8.157254978291984,2.95836322559032,0.0
8.586709843538479,5.2142003290624945,1.0
2.1784629450063617,4.916891373317166,1.0
3.9308334092016537,4.898383036609447,1.0
9.907561020926368,5.984704974735714,1.0
8.626267107875128,7.311685219911661,1.0
3.2376543928750223,5.513404741066465,0.0
1.7128627163008459,1.5218213980716877,1.0
7.7435707673295875,8.870675776607836,1.0
5.684470516677711,9.983737596875624,0.0
0.5972411056435445,3.706987320769649,1.0
8.58336519410422,7.6569017665850145,1.0
3.210171705828977,2.4923033097094596,1.0
6.142076194782645,4.991182550492493,1.0
3.9260276930723337,7.5082130718270665,0.0
3.9137902133748526,9.279001439114968,0.0
0.7013228872297239,8.50840831374173,0.0
7.4767837599305995,7.8916687220640345,1.0
1.6783085855319646,0.44694411423848557,0.0
6.28570648795646,2.4989331259623695,0.0
6.9378590242597795,1.9613504357622746,0.0
2.1659161525185944,7.154695124675458,0.0
1.0375907981922683,9.159410790646767,0.0
1.076077117144828,5.9316933086198524,0.0
9.712215450255211,2.7361058976556416,0.0
0.016424943454547147,4.382038128452876,1.0
5.5969873563057915,0.32256658013575135,0.0
7.065011453337579,1.7983909403720577,0.0
4.0503382663977465,8.91285424921222,0.0
3.205659744864197,8.598222805653746,0.0
3.4093761321839597,3.1073829145643184,1.0
2.1073354366053874,3.1257242005477326,1.0
4.354604486644249,6.272398917870782,0.0
8.813208072545766,5.656126420942479,1.0
5.529862652452091,2.362136000139936,0.0
5.007528432035816,6.478896085429994,0.0
3.7528746440612193,8.570716521732173,0.0
4.286733181413225,4.351318335864677,1.0
5.006213408847478,3.665820651797993,0.0
2.8168518358101413,7.583904697830208,0.0
0.6896764851009418,5.683275570370397,0.0
6.176754746138981,8.43014333855223,1.0
5.153907740413195,4.662949043517553,0.0
5.484118760030342,1.117654181421469,0.0
1.1852805926434695,4.577662196252601,1.0
5.043495140639857,9.70605817772951,0.0
1.0973333731650547,7.487246673194997,0.0
0.6993489245195461,1.165463748521638,1.0
9.703047616767718,3.9489959491849036,0.0
8.620777842191291,8.37187622168538,1.0
4.192981721019004,5.366238291011539,0.0
9.72877198261941,9.187677509391664,0.0
9.89485485871717,6.216649841546743,1.0
0.3797755672726111,2.160981075271554,1.0
9.823611778036543,1.090572827991113,0.0
1.5670112305810857,5.2097630005404,0.0
9.85707974517146,8.409888505677038,1.0
6.275377957924773,6.115343851802271,1.0
8.534285444174962,0.02467930062654,0.0
3.584916861991637,9.975522131534342,0.0
3.8227911654383675,2.6860816098495013,1.0
7.2276467247533365,2.7312052592666336,0.0
3.834014365732623,9.896807525994047,0.0
7.660380280581775,8.167363743491558,1.0
3.1209121933466335,7.395103074292296,0.0
2.4507881221543015,1.4608279911573263,1.0
3.2399333361508873,4.220621110024869,1.0
8.99028379421043,6.445980366576314,1.0
5.4188682089130396,8.053311866078321,0.0
5.856168259501647,1.6630500193620124,0.0
9.321457886832366,0.07591354418262086,0.0
2.8811499058225842,3.763063060329932,1.0
8.002100414788387,2.8614817170122797,0.0
8.800568293829926,7.3014927444195585,1.0
7.019757060601689,4.510901899087001,1.0
4.924007972355978,2.8643426029284837,1.0
3.5085379022609886,6.499466492947594,0.0
7.760462392931346,9.621114962475266,0.0
1.6135158036737896,9.021673742619313,0.0
5.253810911911804,0.9075797669451147,0.0
9.6227420988292,5.12797375341213,1.0
5.068389226481187,3.094811204116368,0.0
0.8593485681795576,0.6286275649468553,0.0
9.961573929754922,6.820043200806896,1.0
5.202823509038899,4.372829217664698,0.0
6.130040637610833,1.1920930190031187,0.0
3.7996212099391933,6.238573361926943,0.0
5.641446581554933,5.028288279317215,0.0
5.8400296318438505,5.356467893452461,0.0
2.163268788848518,3.508704522385988,1.0
6.815713399934239,7.029741108806257,1.0
1.8123237758358957,8.958851553427301,0.0
6.224224786709795,0.07199157845995896,0.0
5.810568523761047,3.8990500039314435,0.0
1.228220938735587,9.094264619464656,0.0
7.370111307470336,9.857329911196125,0.0
6.032564186735955,9.23773529578851,0.0
4.219458819510054,4.35110729657766,1.0
6.5122536885768065,4.325093304404191,1.0
8.235927613741415,6.218453567288858,1.0
7.283072788925647,9.491519082734275,0.0
4.534124912594997,6.200389000303149,0.0
1.3982586334521108,9.355952521495606,0.0
8.37147603895098,0.9978684273855598,0.0
7.2545554539404336,9.458344458128662,0.0
2.5751456749302926,1.9918125754231564,1.0
4.170280304112454,0.24911827609520376,0.0
5.470147208667944,2.6059137829714087,0.0
9.458880889243966,2.5576489024350924,0.0
7.908403469545587,8.435364065826057,1.0
1.670095281883025,2.054970900278248,1.0
2.879289183983771,5.7390960327616725,0.0
6.242387489901629,4.422281317350652,1.0
3.485855881226657,2.812035187720295,1.0
1.3481011839048063,9.892901168856774,0.0
9.494757386935941,0.9716359778085781,0.0
3.9820913778608236,7.920219776874639,0.0
5.450904852631757,7.184612281332577,0.0
8.164275943545457,2.2611552876853014,0.0
7.426679215731968,5.954893555174793,1.0
3.4034685233634865,6.772817778162272,0.0
2.059179425566718,1.7799588819506706,1.0
4.3672092684124255,6.772011644966347,0.0
0.014037154607470237,0.12088156581551379,0.0
4.276382999827476,0.8448307872866334,0.0
4.413710222490526,3.8850728690904934,1.0
3.6566129802666056,8.217453658651362,0.0
9.192719838294112,7.792597580957282,1.0
6.01352251901967,1.197715751170697,0.0
8.743003245174581,6.793792943728164,1.0
3.3605694246774176,0.2266612341040064,0.0
3.551190223675258,2.6463315381864785,1.0
8.316439443003578,3.829375111423362,0.0
0.9577589673331399,9.893289063370656,0.0
4.998460838033868,3.0684428066900873,1.0
4.373058122788979,1.3210948599618755,1.0
7.044975095990605,6.865937179670691,1.0
3.887743453919507,4.931882554045016,1.0
9.725637658626527,8.507642361735147,1.0
2.663624652533916,8.37289539631674,0.0
3.4921296001068605,8.066849357267419,0.0
2.16896206220453,5.004980721087856,0.0
1.7501486262858568,8.98382244771464,0.0
2.1615167583974193,2.293296516348585,1.0
4.756920756718767,8.349532238490267,0.0
6.072817013175688,6.932375724605274,1.0
6.994450642557361,8.987977916758611,1.0
9.741454510725355,3.6191100659879707,0.0
8.16738910307767,6.933951645957494,1.0
6.85530385049975,0.8917754655486132,0.0
2.7518852099457636,1.8579564412812555,1.0
0.07025170792642199,7.662453025189927,0.0
4.269027108822656,6.036048025543941,0.0
1.1755009736635291,0.2869319435921902,0.0
3.033545635066991,2.558872555732905,1.0
9.448016201765482,9.692957485406538,0.0
6.952148212094228,3.655625837316683,0.0
2.7610380197799955,5.5655092827236,0.0
1.4572082399182074,9.047481066405137,0.0
2.405066400424513,3.9974044168895473,1.0
2.2022985398426598,2.1466112330261033,1.0
0.7908964585331213,0.36581850364826973,0.0
5.2671666922211156,1.3924701545842677,0.0
4.146862812504671,6.03563401739758,0.0
1.4665655437143899,0.26556390052352885,0.0
9.306956480293385,3.4345038373133265,0.0
7.562499982104033,1.5662217376842502,0.0
7.790668436809369,1.6996528614564765,0.0
3.142812066176078,3.344111554283221,1.0
0.18920066296514437,2.1379285203453016,1.0
7.979981518312305,1.651274010075473,0.0
7.855023396680652,5.42634576626395,1.0
7.385592732178992,2.464039398158653,0.0
7.173661757206045,3.683550996442466,0.0
0.5907968607859471,2.523853716436424,1.0
0.9664881826589933,6.163514161260109,0.0
8.602940137584977,3.883349565087535,0.0
9.120492147093772,7.6835335212409595,1.0
1.298989168528597,2.6416372165393884,1.0
0.6360065096977874,3.1221188891830574,1.0
3.6274136976309936,9.446173961834386,0.0
6.749064782749899,3.8764170655578356,0.0
9.210006783982971,3.7429399693584986,0.0
5.71573112226482,9.011552795518046,0.0
6.924690626893032,2.4189954215549534,0.0
1.6112802708055796,3.3078929092382783,1.0
0.9070288308297025,0.3072313971849894,0.0
1.0648586398595106,2.95772274473698,1.0
3.2860795536576157,2.485556369217372,1.0
1.743213293265904,9.231062082224023,0.0
7.331668612348342,6.694596209011557,1.0
4.395435427081288,1.056544916483797,1.0
5.922065708364853,9.582680219249898,0.0
5.733881741287538,1.6005168042896933,0.0
3.351520805557647,4.809954426782296,1.0
0.3875661772070149,7.993554159696837,0.0
1.2522399563279851,0.2733393326372924,0.0
7.415552279742367,9.499601439282413,0.0
3.5940624480943697,1.3818533007654155,1.0
0.5953329116669048,5.985645814234877,0.0
5.563841204497928,1.7649505974833302,0.0
2.2187309429133983,8.23661914585417,0.0
3.628356003485129,1.3038384108418732,1.0
7.948677782676066,1.2409749003640003,0.0
9.156176394780001,3.7072229932668535,0.0
2.7187519223227232,8.841455178614506,0.0
0.4583247040158289,1.990264987482393,1.0
9.804303294496057,5.708032614968542,1.0
7.1261607904126105,8.58013945122858,1.0
0.6997935876647965,7.019519203205724,0.0
8.532637881195706,4.417128951302667,1.0
4.106065838053143,0.7541619480846828,0.0
8.8643907178659,2.3623694936916264,0.0
8.430943094060968,4.756960855859119,1.0
0.27534402025038096,0.5668962143750156,0.0
1.9847801050674652,5.133168902000409,0.0
1.3990228015056894,1.067873518957233,1.0
4.16774396981952,8.649925079230895,0.0
2.598018257904653,1.3978539499905063,1.0
1.595007007310567,2.5680563173962923,1.0
3.602501969243219,4.758449674521148,1.0
1.5153104038278586,0.1310280373816164,0.0
1.1776402379943829,0.07936298215413973,0.0
1.4497908913107493,8.145013964928763,0.0
7.137214834705374,2.4467412722392057,0.0
4.836151463086208,9.664307185776703,0.0
8.434467506979932,8.820058795399504,1.0
4.077046069526405,7.876326517620865,0.0
1.775427071319181,1.7736571628494613,1.0
6.675859386391457,6.735123362737924,1.0
9.016938184677507,6.887888782195523,1.0
1.292221714271392,5.416686670890024,0.0
7.123947689595362,5.416692070779863,1.0
2.093658047470941,6.87790267192545,0.0
5.661462128064596,2.4770850078041606,0.0
5.09418123095692,7.768931570595252,0.0
9.494640915978149,7.983670161093798,1.0
4.77147857986629,4.631115401772897,1.0
7.118361351314491,6.670993336522661,1.0
9.844842972800848,2.6137063339686186,0.0
7.514237412719309,2.1610505771122845,0.0
5.716072322360517,1.0442202819078628,0.0
3.7075627051071782,2.755456627294955,1.0
4.434823213153246,6.901035680323138,0.0
9.447938558743262,0.023885124142283276,0.0
0.4825865977821453,0.10906906820318252,0.0
4.366270818063171,2.519878181080771,1.0
4.7935895639583475,9.365263686942063,0.0
5.403098693045031,6.103655796943474,0.0
3.690052547950251,3.785269633726217,1.0
0.22997479428218726,2.121760905822975,1.0
2.768426235026044,9.553253160376102,0.0
2.768397655996612,7.296289641588948,0.0
0.7289359099381654,6.713615502808762,0.0
1.5227879470220118,7.45059400189115,0.0
2.098617773423964,0.20446839648413095,0.0
4.370238483890803,0.5721460533216638,0.0
2.948733782498114,2.485297245591899,1.0
9.09716182106632,3.1883531291387546,0.0
0.8010646312500591,1.7010883787975928,1.0
4.749014774726029,8.30824952577974,0.0
0.3186678790149189,0.4835028721152368,0.0
0.6586674490016686,4.046040797297378,1.0
6.565804554914133,2.817263507255677,0.0
6.3780113761517985,4.966836426104858,1.0
0.024162747181759592,3.010070274324045,1.0
8.135778254639094,8.837375152942462,1.0
3.797073992065465,8.291034162205046,0.0
9.849619182076957,5.607132469558879,1.0
4.360153681199103,4.092286618778955,1.0
4.572986230521022,4.68274645134069,1.0
8.68504987795767,2.492241622176443,0.0
0.5856467444177005,0.6009734672408562,0.0
2.700401840267175,9.362814064629532,0.0
1.0663370074119982,7.90784401993098,0.0
9.158530822721293,1.0465072138708587,0.0
9.240764479977305,7.65975831789988,1.0
6.102309442366546,0.8931008315097777,0.0
3.767531655508268,7.862375814205648,0.0
1.860358781633994,4.103169560054369,1.0
1.728406129339829,4.511498142899906,1.0
0.4682139030338539,9.672959165042885,0.0
1.3512641923256785,0.7173446313523413,0.0
1.4041868252170187,1.639501763579938,1.0
3.1557574438091707,4.484466145192455,1.0
6.232199130970288,7.833458175100578,1.0
8.471651559523627,6.755440186459389,1.0
5.231692966380834,4.641268479838727,0.0
0.962166669813086,4.680629618167411,1.0
9.815464442320977,8.688064140603661,1.0
5.9133060407793705,9.736799440619189,0.0
0.7292230795094667,8.142348017454031,0.0
4.155754024787069,5.8989818250970565,0.0
1.7228862148224366,7.5519861310496506,0.0
0.6827347048307231,0.4660099411847518,0.0
7.505956442305885,9.486637720809235,0.0
0.9159359648599186,8.090108144715881,0.0
5.886276736676774,2.462401398082287,0.0
1.8051165065080943,0.7949964550938615,0.0
3.3669469508892993,8.274541749622816,0.0
3.596687686388591,1.755734317743629,1.0
5.705897825151203,0.475427710612335,0.0
3.800569839340382,3.871661587220122,1.0
0.2614115250249971,0.8380524150119795,0.0
9.73137394236659,9.364389066946835,0.0
2.2764016701335024,0.3638574757548352,0.0
1.8930421455261859,7.827159136987879,0.0
5.814081872023339,3.3899011054245873,0.0
5.772335607433835,8.750277905432789,0.0
4.273882746119758,0.6147592359407472,0.0
6.3145007312503125,6.435373579624754,1.0
3.7177033264073778,0.19815060339034019,0.0
2.405348498018103,9.09639239955218,0.0
7.4342233120085535,5.487721875851853,1.0
8.124296575126507,6.407671200766039,1.0
2.494952627867449,4.624076485617844,1.0
6.794958480461371,2.534724055103832,0.0
8.389679331062183,2.368243536345662,0.0
5.962354549314945,4.345629121613074,0.0
8.742756114691055,1.5111063668614444,0.0
6.653511637376512,2.160179912001474,0.0
2.207490018374141,3.937522568813716,1.0
9.821597335546837,2.410436153594766,0.0
1.1345903601274965,3.448922831817851,1.0
1.428142566622529,4.16834571105238,1.0
7.577913344436132,4.7973197779543035,1.0
1.8401536785486816,5.9461311928080365,0.0
6.374242210168043,4.444612739553979,1.0
1.7433610156542911,9.821500767525983,0.0
2.253638739155023,2.419900333698898,1.0
1.5383486931548906,5.253454710833333,0.0
6.689519721597649,4.438133028298909,1.0
7.832218973261225,8.478980206015867,1.0
5.099251372855891,7.850660463096252,0.0
3.31508182938311,6.408514208633593,0.0
9.08731616607487,2.632084786215667,0.0
5.541097568112199,9.869731202860487,0.0
5.323897502225216,9.26360015629179,0.0
7.82812912744977,8.451438055665646,1.0
2.513936275732218,3.6192409862225228,1.0
4.084451917995788,4.201767801157312,1.0
1.7396846349308315,2.5655163284197857,1.0
4.646530088350087,4.721287423436361,1.0
4.889760319849858,5.600389843509516,0.0
7.081999793315976,5.472073623553647,1.0
5.7353570527926,3.5068548303275238,0.0
0.5009453993237778,0.16901026843089362,0.0
5.8321849533898575,5.742153173925271,0.0
9.647617631673132,8.6144815899938,1.0
8.344121245193865,7.7471907736266665,1.0
8.12767640275987,5.567630096313032,1.0
3.384098629688804,6.492967112362214,0.0
2.055554588475852,8.890655918494764,0.0
4.83308782363129,8.835777241230101,0.0
4.887538718470647,3.0631051000117715,1.0
4.872400049392363,4.526142393608131,1.0
8.70282011478644,4.980053381638352,1.0
2.7047673203638114,0.9441988173313975,0.0
7.8307330170411475,2.629047254543726,0.0
9.911197915389812,7.657363692974074,1.0
4.626521984836365,1.480600102082792,1.0
5.008485786454294,1.9675107101054568,0.0
1.9280696749628634,4.685581321943863,1.0
8.676890906901505,1.8846921543238304,0.0
6.704948605866128,3.682951039117696,0.0
1.0975699270300965,7.754181954671955,0.0
8.13800754603233,2.2315247768902746,0.0
8.491002730162787,3.5874511348583327,0.0
8.62063401405609,6.335170574316237,1.0
0.38303237504822785,3.1688780362555438,1.0
7.374966123266553,8.278615158099889,1.0
8.303357130415701,5.030843191088202,1.0
7.118931848881088,4.446731341784831,1.0
3.406194660059069,5.46011769108869,0.0
7.254534439177415,6.031320517636276,1.0
6.394192897359043,2.4864185654642226,0.0
3.671656970121905,2.8239572755486964,1.0
9.972977479944444,6.281417617967017,1.0
1.4406449217689143,2.473317347529027,1.0
5.821907720251001,2.8201404357074145,0.0
8.605087584580588,5.204937671197638,1.0
3.9007200928610244,7.279923870513815,0.0
2.802525401031599,2.5115348704786866,1.0
1.9397477031227428,3.05751308035057,1.0
4.594858077006672,2.016024849968665,1.0
1.0768820550452973,2.1269577751965905,1.0
8.48427369191803,4.927242344526997,1.0
5.3891910829843415,4.938910714785295,0.0
4.245274556543158,9.286673686070134,0.0
2.740558196665127,4.331116907955803,1.0
8.425094228033444,0.42445560325555354,0.0
4.752997421909779,6.186052318695951,0.0
5.15562457566984,0.4993570890249077,0.0
7.368532188516111,0.5955440630286735,0.0
9.772882870459942,3.18667755325597,0.0
2.6885482483812106,8.74634274133778,0.0
7.49465313000921,8.741754740393079,1.0
1.775067546000072,5.332331171659566,0.0
1.6534037151229275,2.0594123437540004,1.0
2.748557499904769,8.573088737869545,0.0
1.7856776271231245,1.91292751251113,1.0
3.5464308097290043,7.741132043038247,0.0
6.190124401711415,6.786711022727385,1.0
4.843004810046216,5.989904829893163,0.0
9.308431103835796,3.975730806008225,0.0
1.6978687895874467,1.564126412199195,1.0
6.987041909758083,9.810988926566766,0.0
1.2402316022982618,5.11496621263377,0.0
8.291739022439424,5.436928371430593,1.0
9.410423735088969,2.119645010715817,0.0
7.89584275344994,6.1644976004751015,1.0
